{
	"run": [
		{
			"filePath": "/Bourne_Developer_Test/webapp/test/flpSandbox.html",
			"previewMode": 1,
			"dataMode": 1,
			"workspace": "withoutWorkspace",
			"urlParameters": [
				{
					"paramName": "",
					"paramValue": "",
					"paramActive": false
				},
				{
					"paramName": "",
					"paramValue": "",
					"paramActive": false
				}
			],
			"hashParameter": "DeveloperTest-display",
			"ui5ActiveVersion": "snapshot",
			"ui5VerSource": null,
			"isDefaultVersion": 1,
			"_metadata": {
				"id": "549432",
				"runnerId": "webapprunner",
				"displayName": "App in FLP Sandbox"
			}
		},
		{
			"filePath": "/Bourne_Developer_Test/webapp/test/flpSandboxMockServer.html",
			"previewMode": 1,
			"dataMode": 1,
			"workspace": "withoutWorkspace",
			"urlParameters": [
				{
					"paramName": "",
					"paramValue": "",
					"paramActive": false
				},
				{
					"paramName": "",
					"paramValue": "",
					"paramActive": false
				}
			],
			"hashParameter": "DeveloperTest-display",
			"ui5ActiveVersion": "snapshot",
			"ui5VerSource": null,
			"isDefaultVersion": 1,
			"_metadata": {
				"id": "3114544",
				"runnerId": "webapprunner",
				"displayName": "App in FLP Sandbox (Mock Server)"
			}
		},
		{
			"filePath": "/Bourne_Developer_Test/webapp/test/unit/unitTests.qunit.html",
			"previewMode": 1,
			"dataMode": 1,
			"workspace": "withoutWorkspace",
			"ui5ActiveVersion": "snapshot",
			"ui5VerSource": null,
			"isDefaultVersion": 1,
			"urlParameters": [
				{
					"paramName": "",
					"paramValue": "",
					"paramActive": false
				},
				{
					"paramName": "",
					"paramValue": "",
					"paramActive": false
				}
			],
			"_metadata": {
				"id": "1781463",
				"runnerId": "webapprunner",
				"displayName": "Unit Tests"
			}
		},
		{
			"filePath": "/Bourne_Developer_Test/webapp/test/integration/opaTests.qunit.html",
			"previewMode": 1,
			"dataMode": 1,
			"workspace": "withoutWorkspace",
			"ui5ActiveVersion": "snapshot",
			"ui5VerSource": null,
			"isDefaultVersion": 1,
			"urlParameters": [
				{
					"paramName": "",
					"paramValue": "",
					"paramActive": false
				},
				{
					"paramName": "",
					"paramValue": "",
					"paramActive": false
				}
			],
			"hashParameter": "",
			"_metadata": {
				"id": "4413374",
				"runnerId": "webapprunner",
				"displayName": "OPA Tests"
			}
		},
		{
			"filePath": "/Bourne_Developer_Test/webapp/test/testsuite.qunit.html",
			"previewMode": 1,
			"dataMode": 1,
			"workspace": "withoutWorkspace",
			"ui5ActiveVersion": "snapshot",
			"ui5VerSource": null,
			"isDefaultVersion": 1,
			"urlParameters": [
				{
					"paramName": "",
					"paramValue": "",
					"paramActive": false
				},
				{
					"paramName": "",
					"paramValue": "",
					"paramActive": false
				}
			],
			"hashParameter": "",
			"_metadata": {
				"id": "9048207",
				"runnerId": "webapprunner",
				"displayName": "Test Suite (Unit, OPA)"
			}
		},
		{
			"filePath": "/Bourne_Developer_Test/webapp/Component.js",
			"previewMode": 1,
			"dataMode": 1,
			"workspace": "withoutWorkspace",
			"ui5ActiveVersion": "snapshot",
			"ui5VerSource": null,
			"isDefaultVersion": 1,
			"urlParameters": [
				{
					"paramName": "",
					"paramValue": "",
					"paramActive": false
				},
				{
					"paramName": "",
					"paramValue": "",
					"paramActive": false
				}
			],
			"hashParameter": "",
			"_metadata": {
				"id": "5247944",
				"runnerId": "fiorirunner",
				"displayName": "App as Fiori Component"
			}
		}
	]
}