[{
	"ProductID": 3306,
	"ProductName": "ProductName 1",
	"__metadata": {
		"uri": "Current_Product_Lists(ProductID=3306,ProductName='ProductName%201')",
		"type": "NorthwindModel.Current_Product_List"
	}
}, {
	"ProductID": 5366,
	"ProductName": "ProductName 2",
	"__metadata": {
		"uri": "Current_Product_Lists(ProductID=5366,ProductName='ProductName%202')",
		"type": "NorthwindModel.Current_Product_List"
	}
}, {
	"ProductID": 4640,
	"ProductName": "ProductName 3",
	"__metadata": {
		"uri": "Current_Product_Lists(ProductID=4640,ProductName='ProductName%203')",
		"type": "NorthwindModel.Current_Product_List"
	}
}, {
	"ProductID": 6541,
	"ProductName": "ProductName 4",
	"__metadata": {
		"uri": "Current_Product_Lists(ProductID=6541,ProductName='ProductName%204')",
		"type": "NorthwindModel.Current_Product_List"
	}
}, {
	"ProductID": 5410,
	"ProductName": "ProductName 5",
	"__metadata": {
		"uri": "Current_Product_Lists(ProductID=5410,ProductName='ProductName%205')",
		"type": "NorthwindModel.Current_Product_List"
	}
}, {
	"ProductID": 4979,
	"ProductName": "ProductName 6",
	"__metadata": {
		"uri": "Current_Product_Lists(ProductID=4979,ProductName='ProductName%206')",
		"type": "NorthwindModel.Current_Product_List"
	}
}, {
	"ProductID": 2013,
	"ProductName": "ProductName 7",
	"__metadata": {
		"uri": "Current_Product_Lists(ProductID=2013,ProductName='ProductName%207')",
		"type": "NorthwindModel.Current_Product_List"
	}
}, {
	"ProductID": 6532,
	"ProductName": "ProductName 8",
	"__metadata": {
		"uri": "Current_Product_Lists(ProductID=6532,ProductName='ProductName%208')",
		"type": "NorthwindModel.Current_Product_List"
	}
}, {
	"ProductID": 1880,
	"ProductName": "ProductName 9",
	"__metadata": {
		"uri": "Current_Product_Lists(ProductID=1880,ProductName='ProductName%209')",
		"type": "NorthwindModel.Current_Product_List"
	}
}, {
	"ProductID": 5712,
	"ProductName": "ProductName 10",
	"__metadata": {
		"uri": "Current_Product_Lists(ProductID=5712,ProductName='ProductName%2010')",
		"type": "NorthwindModel.Current_Product_List"
	}
}]