[{
	"City": "City 1",
	"CompanyName": "CompanyName 1",
	"ContactName": "ContactName 1",
	"Relationship": "Relationship 1",
	"__metadata": {
		"uri": "Customer_and_Suppliers_by_Cities(CompanyName='CompanyName%201',Relationship='Relationship%201')",
		"type": "NorthwindModel.Customer_and_Suppliers_by_City"
	}
}, {
	"City": "City 2",
	"CompanyName": "CompanyName 2",
	"ContactName": "ContactName 2",
	"Relationship": "Relationship 2",
	"__metadata": {
		"uri": "Customer_and_Suppliers_by_Cities(CompanyName='CompanyName%202',Relationship='Relationship%202')",
		"type": "NorthwindModel.Customer_and_Suppliers_by_City"
	}
}, {
	"City": "City 3",
	"CompanyName": "CompanyName 3",
	"ContactName": "ContactName 3",
	"Relationship": "Relationship 3",
	"__metadata": {
		"uri": "Customer_and_Suppliers_by_Cities(CompanyName='CompanyName%203',Relationship='Relationship%203')",
		"type": "NorthwindModel.Customer_and_Suppliers_by_City"
	}
}, {
	"City": "City 4",
	"CompanyName": "CompanyName 4",
	"ContactName": "ContactName 4",
	"Relationship": "Relationship 4",
	"__metadata": {
		"uri": "Customer_and_Suppliers_by_Cities(CompanyName='CompanyName%204',Relationship='Relationship%204')",
		"type": "NorthwindModel.Customer_and_Suppliers_by_City"
	}
}, {
	"City": "City 5",
	"CompanyName": "CompanyName 5",
	"ContactName": "ContactName 5",
	"Relationship": "Relationship 5",
	"__metadata": {
		"uri": "Customer_and_Suppliers_by_Cities(CompanyName='CompanyName%205',Relationship='Relationship%205')",
		"type": "NorthwindModel.Customer_and_Suppliers_by_City"
	}
}, {
	"City": "City 6",
	"CompanyName": "CompanyName 6",
	"ContactName": "ContactName 6",
	"Relationship": "Relationship 6",
	"__metadata": {
		"uri": "Customer_and_Suppliers_by_Cities(CompanyName='CompanyName%206',Relationship='Relationship%206')",
		"type": "NorthwindModel.Customer_and_Suppliers_by_City"
	}
}, {
	"City": "City 7",
	"CompanyName": "CompanyName 7",
	"ContactName": "ContactName 7",
	"Relationship": "Relationship 7",
	"__metadata": {
		"uri": "Customer_and_Suppliers_by_Cities(CompanyName='CompanyName%207',Relationship='Relationship%207')",
		"type": "NorthwindModel.Customer_and_Suppliers_by_City"
	}
}, {
	"City": "City 8",
	"CompanyName": "CompanyName 8",
	"ContactName": "ContactName 8",
	"Relationship": "Relationship 8",
	"__metadata": {
		"uri": "Customer_and_Suppliers_by_Cities(CompanyName='CompanyName%208',Relationship='Relationship%208')",
		"type": "NorthwindModel.Customer_and_Suppliers_by_City"
	}
}, {
	"City": "City 9",
	"CompanyName": "CompanyName 9",
	"ContactName": "ContactName 9",
	"Relationship": "Relationship 9",
	"__metadata": {
		"uri": "Customer_and_Suppliers_by_Cities(CompanyName='CompanyName%209',Relationship='Relationship%209')",
		"type": "NorthwindModel.Customer_and_Suppliers_by_City"
	}
}, {
	"City": "City 10",
	"CompanyName": "CompanyName 10",
	"ContactName": "ContactName 10",
	"Relationship": "Relationship 10",
	"__metadata": {
		"uri": "Customer_and_Suppliers_by_Cities(CompanyName='CompanyName%2010',Relationship='Relationship%2010')",
		"type": "NorthwindModel.Customer_and_Suppliers_by_City"
	}
}]