[{
	"ShipName": "ShipName 1",
	"ShipAddress": "ShipAddress 1",
	"ShipCity": "ShipCity 1",
	"ShipRegion": "ShipRegion 1",
	"ShipPostalCode": "ShipPostalCode 1",
	"ShipCountry": "ShipCountry 1",
	"CustomerID": "CustomerID 1",
	"CustomerName": "CustomerName 1",
	"Address": "Address 1",
	"City": "City 1",
	"Region": "Region 1",
	"PostalCode": "PostalCode 1",
	"Country": "Country 1",
	"Salesperson": "Salesperson 1",
	"OrderID": 4455,
	"OrderDate": "/Date(1013430524000)/",
	"RequiredDate": "/Date(992525324000)/",
	"ShippedDate": "/Date(972995324000)/",
	"ShipperName": "ShipperName 1",
	"ProductID": 4284,
	"ProductName": "ProductName 1",
	"UnitPrice": 4381.72,
	"Quantity": 8808,
	"Discount": 604381786.2499473,
	"ExtendedPrice": 4359.73,
	"Freight": 7134.5,
	"__metadata": {
		"uri": "Invoices(CustomerName='CustomerName%201',Salesperson='Salesperson%201',OrderID=4455,ShipperName='ShipperName%201',ProductID=4284,ProductName='ProductName%201',UnitPrice=4381.72,Quantity=8808,Discount=604381786.2499473)",
		"type": "NorthwindModel.Invoice"
	}
}, {
	"ShipName": "ShipName 2",
	"ShipAddress": "ShipAddress 2",
	"ShipCity": "ShipCity 2",
	"ShipRegion": "ShipRegion 2",
	"ShipPostalCode": "ShipPostalCode 2",
	"ShipCountry": "ShipCountry 2",
	"CustomerID": "CustomerID 2",
	"CustomerName": "CustomerName 2",
	"Address": "Address 2",
	"City": "City 2",
	"Region": "Region 2",
	"PostalCode": "PostalCode 2",
	"Country": "Country 2",
	"Salesperson": "Salesperson 2",
	"OrderID": 6084,
	"OrderDate": "/Date(1351081724000)/",
	"RequiredDate": "/Date(1143203324000)/",
	"ShippedDate": "/Date(1014121724000)/",
	"ShipperName": "ShipperName 2",
	"ProductID": 6708,
	"ProductName": "ProductName 2",
	"UnitPrice": 7977.74,
	"Quantity": 9426,
	"Discount": 478239795.01321465,
	"ExtendedPrice": 9796.36,
	"Freight": 176.92,
	"__metadata": {
		"uri": "Invoices(CustomerName='CustomerName%202',Salesperson='Salesperson%202',OrderID=6084,ShipperName='ShipperName%202',ProductID=6708,ProductName='ProductName%202',UnitPrice=7977.74,Quantity=9426,Discount=478239795.01321465)",
		"type": "NorthwindModel.Invoice"
	}
}, {
	"ShipName": "ShipName 3",
	"ShipAddress": "ShipAddress 3",
	"ShipCity": "ShipCity 3",
	"ShipRegion": "ShipRegion 3",
	"ShipPostalCode": "ShipPostalCode 3",
	"ShipCountry": "ShipCountry 3",
	"CustomerID": "CustomerID 3",
	"CustomerName": "CustomerName 3",
	"Address": "Address 3",
	"City": "City 3",
	"Region": "Region 3",
	"PostalCode": "PostalCode 3",
	"Country": "Country 3",
	"Salesperson": "Salesperson 3",
	"OrderID": 8956,
	"OrderDate": "/Date(1304256524000)/",
	"RequiredDate": "/Date(1238243324000)/",
	"ShippedDate": "/Date(1504704524000)/",
	"ShipperName": "ShipperName 3",
	"ProductID": 308,
	"ProductName": "ProductName 3",
	"UnitPrice": 6300.3,
	"Quantity": 921,
	"Discount": 544966623.7074685,
	"ExtendedPrice": 6293.02,
	"Freight": 7491.99,
	"__metadata": {
		"uri": "Invoices(CustomerName='CustomerName%203',Salesperson='Salesperson%203',OrderID=8956,ShipperName='ShipperName%203',ProductID=308,ProductName='ProductName%203',UnitPrice=6300.3,Quantity=921,Discount=544966623.7074685)",
		"type": "NorthwindModel.Invoice"
	}
}, {
	"ShipName": "ShipName 4",
	"ShipAddress": "ShipAddress 4",
	"ShipCity": "ShipCity 4",
	"ShipRegion": "ShipRegion 4",
	"ShipPostalCode": "ShipPostalCode 4",
	"ShipCountry": "ShipCountry 4",
	"CustomerID": "CustomerID 4",
	"CustomerName": "CustomerName 4",
	"Address": "Address 4",
	"City": "City 4",
	"Region": "Region 4",
	"PostalCode": "PostalCode 4",
	"Country": "Country 4",
	"Salesperson": "Salesperson 4",
	"OrderID": 9284,
	"OrderDate": "/Date(1168172924000)/",
	"RequiredDate": "/Date(1144848524000)/",
	"ShippedDate": "/Date(1417091324000)/",
	"ShipperName": "ShipperName 4",
	"ProductID": 4157,
	"ProductName": "ProductName 4",
	"UnitPrice": 9265.5,
	"Quantity": 4098,
	"Discount": 756699743.5197847,
	"ExtendedPrice": 7779.26,
	"Freight": 8090.06,
	"__metadata": {
		"uri": "Invoices(CustomerName='CustomerName%204',Salesperson='Salesperson%204',OrderID=9284,ShipperName='ShipperName%204',ProductID=4157,ProductName='ProductName%204',UnitPrice=9265.5,Quantity=4098,Discount=756699743.5197847)",
		"type": "NorthwindModel.Invoice"
	}
}, {
	"ShipName": "ShipName 5",
	"ShipAddress": "ShipAddress 5",
	"ShipCity": "ShipCity 5",
	"ShipRegion": "ShipRegion 5",
	"ShipPostalCode": "ShipPostalCode 5",
	"ShipCountry": "ShipCountry 5",
	"CustomerID": "CustomerID 5",
	"CustomerName": "CustomerName 5",
	"Address": "Address 5",
	"City": "City 5",
	"Region": "Region 5",
	"PostalCode": "PostalCode 5",
	"Country": "Country 5",
	"Salesperson": "Salesperson 5",
	"OrderID": 7324,
	"OrderDate": "/Date(1330518524000)/",
	"RequiredDate": "/Date(976364924000)/",
	"ShippedDate": "/Date(1346678924000)/",
	"ShipperName": "ShipperName 5",
	"ProductID": 5610,
	"ProductName": "ProductName 5",
	"UnitPrice": 8379.21,
	"Quantity": 4565,
	"Discount": 870898322.061176,
	"ExtendedPrice": 9735.32,
	"Freight": 7418.28,
	"__metadata": {
		"uri": "Invoices(CustomerName='CustomerName%205',Salesperson='Salesperson%205',OrderID=7324,ShipperName='ShipperName%205',ProductID=5610,ProductName='ProductName%205',UnitPrice=8379.21,Quantity=4565,Discount=870898322.061176)",
		"type": "NorthwindModel.Invoice"
	}
}, {
	"ShipName": "ShipName 6",
	"ShipAddress": "ShipAddress 6",
	"ShipCity": "ShipCity 6",
	"ShipRegion": "ShipRegion 6",
	"ShipPostalCode": "ShipPostalCode 6",
	"ShipCountry": "ShipCountry 6",
	"CustomerID": "CustomerID 6",
	"CustomerName": "CustomerName 6",
	"Address": "Address 6",
	"City": "City 6",
	"Region": "Region 6",
	"PostalCode": "PostalCode 6",
	"Country": "Country 6",
	"Salesperson": "Salesperson 6",
	"OrderID": 6763,
	"OrderDate": "/Date(1483619324000)/",
	"RequiredDate": "/Date(1449059324000)/",
	"ShippedDate": "/Date(1493040524000)/",
	"ShipperName": "ShipperName 6",
	"ProductID": 6729,
	"ProductName": "ProductName 6",
	"UnitPrice": 6883.56,
	"Quantity": 682,
	"Discount": 250055128.04992324,
	"ExtendedPrice": 1607.25,
	"Freight": 6261.8,
	"__metadata": {
		"uri": "Invoices(CustomerName='CustomerName%206',Salesperson='Salesperson%206',OrderID=6763,ShipperName='ShipperName%206',ProductID=6729,ProductName='ProductName%206',UnitPrice=6883.56,Quantity=682,Discount=250055128.04992324)",
		"type": "NorthwindModel.Invoice"
	}
}, {
	"ShipName": "ShipName 7",
	"ShipAddress": "ShipAddress 7",
	"ShipCity": "ShipCity 7",
	"ShipRegion": "ShipRegion 7",
	"ShipPostalCode": "ShipPostalCode 7",
	"ShipCountry": "ShipCountry 7",
	"CustomerID": "CustomerID 7",
	"CustomerName": "CustomerName 7",
	"Address": "Address 7",
	"City": "City 7",
	"Region": "Region 7",
	"PostalCode": "PostalCode 7",
	"Country": "Country 7",
	"Salesperson": "Salesperson 7",
	"OrderID": 2468,
	"OrderDate": "/Date(1401197324000)/",
	"RequiredDate": "/Date(1452688124000)/",
	"ShippedDate": "/Date(1267619324000)/",
	"ShipperName": "ShipperName 7",
	"ProductID": 2664,
	"ProductName": "ProductName 7",
	"UnitPrice": 9600.13,
	"Quantity": 8011,
	"Discount": 732931602.8476417,
	"ExtendedPrice": 4098.18,
	"Freight": 9261.04,
	"__metadata": {
		"uri": "Invoices(CustomerName='CustomerName%207',Salesperson='Salesperson%207',OrderID=2468,ShipperName='ShipperName%207',ProductID=2664,ProductName='ProductName%207',UnitPrice=9600.13,Quantity=8011,Discount=732931602.8476417)",
		"type": "NorthwindModel.Invoice"
	}
}, {
	"ShipName": "ShipName 8",
	"ShipAddress": "ShipAddress 8",
	"ShipCity": "ShipCity 8",
	"ShipRegion": "ShipRegion 8",
	"ShipPostalCode": "ShipPostalCode 8",
	"ShipCountry": "ShipCountry 8",
	"CustomerID": "CustomerID 8",
	"CustomerName": "CustomerName 8",
	"Address": "Address 8",
	"City": "City 8",
	"Region": "Region 8",
	"PostalCode": "PostalCode 8",
	"Country": "Country 8",
	"Salesperson": "Salesperson 8",
	"OrderID": 5451,
	"OrderDate": "/Date(1564061324000)/",
	"RequiredDate": "/Date(1506518924000)/",
	"ShippedDate": "/Date(958829324000)/",
	"ShipperName": "ShipperName 8",
	"ProductID": 1215,
	"ProductName": "ProductName 8",
	"UnitPrice": 2762.93,
	"Quantity": 1471,
	"Discount": 537075849.8618484,
	"ExtendedPrice": 1189.56,
	"Freight": 5131.53,
	"__metadata": {
		"uri": "Invoices(CustomerName='CustomerName%208',Salesperson='Salesperson%208',OrderID=5451,ShipperName='ShipperName%208',ProductID=1215,ProductName='ProductName%208',UnitPrice=2762.93,Quantity=1471,Discount=537075849.8618484)",
		"type": "NorthwindModel.Invoice"
	}
}, {
	"ShipName": "ShipName 9",
	"ShipAddress": "ShipAddress 9",
	"ShipCity": "ShipCity 9",
	"ShipRegion": "ShipRegion 9",
	"ShipPostalCode": "ShipPostalCode 9",
	"ShipCountry": "ShipCountry 9",
	"CustomerID": "CustomerID 9",
	"CustomerName": "CustomerName 9",
	"Address": "Address 9",
	"City": "City 9",
	"Region": "Region 9",
	"PostalCode": "PostalCode 9",
	"Country": "Country 9",
	"Salesperson": "Salesperson 9",
	"OrderID": 4565,
	"OrderDate": "/Date(1101644924000)/",
	"RequiredDate": "/Date(1445084924000)/",
	"ShippedDate": "/Date(1040041724000)/",
	"ShipperName": "ShipperName 9",
	"ProductID": 5829,
	"ProductName": "ProductName 9",
	"UnitPrice": 6924.57,
	"Quantity": 214,
	"Discount": 408607911.1654556,
	"ExtendedPrice": 8661.62,
	"Freight": 5754.21,
	"__metadata": {
		"uri": "Invoices(CustomerName='CustomerName%209',Salesperson='Salesperson%209',OrderID=4565,ShipperName='ShipperName%209',ProductID=5829,ProductName='ProductName%209',UnitPrice=6924.57,Quantity=214,Discount=408607911.1654556)",
		"type": "NorthwindModel.Invoice"
	}
}, {
	"ShipName": "ShipName 10",
	"ShipAddress": "ShipAddress 10",
	"ShipCity": "ShipCity 10",
	"ShipRegion": "ShipRegion 10",
	"ShipPostalCode": "ShipPostalCode 10",
	"ShipCountry": "ShipCountry 10",
	"CustomerID": "CustomerID 10",
	"CustomerName": "CustomerName 10",
	"Address": "Address 10",
	"City": "City 10",
	"Region": "Region 10",
	"PostalCode": "PostalCode 10",
	"Country": "Country 10",
	"Salesperson": "Salesperson 10",
	"OrderID": 8919,
	"OrderDate": "/Date(1092576524000)/",
	"RequiredDate": "/Date(1171542524000)/",
	"ShippedDate": "/Date(1070886524000)/",
	"ShipperName": "ShipperName 10",
	"ProductID": 873,
	"ProductName": "ProductName 10",
	"UnitPrice": 2471.16,
	"Quantity": 8535,
	"Discount": 764019376.4689362,
	"ExtendedPrice": 2935.03,
	"Freight": 8586.16,
	"__metadata": {
		"uri": "Invoices(CustomerName='CustomerName%2010',Salesperson='Salesperson%2010',OrderID=8919,ShipperName='ShipperName%2010',ProductID=873,ProductName='ProductName%2010',UnitPrice=2471.16,Quantity=8535,Discount=764019376.4689362)",
		"type": "NorthwindModel.Invoice"
	}
}]