[{
	"OrderID": 7808,
	"CustomerID": "CustomerID 1",
	"EmployeeID": 4975,
	"OrderDate": "/Date(1573388931000)/",
	"RequiredDate": "/Date(1545740931000)/",
	"ShippedDate": "/Date(1554730131000)/",
	"ShipVia": 6673,
	"Freight": 1478.75,
	"ShipName": "ShipName 1",
	"ShipAddress": "ShipAddress 1",
	"ShipCity": "ShipCity 1",
	"ShipRegion": "ShipRegion 1",
	"ShipPostalCode": "ShipPostalCode 1",
	"ShipCountry": "ShipCountry 1",
	"CompanyName": "CompanyName 1",
	"Address": "Address 1",
	"City": "City 1",
	"Region": "Region 1",
	"PostalCode": "PostalCode 1",
	"Country": "Country 1",
	"__metadata": {
		"uri": "Orders_Qries(OrderID=7808,CompanyName='CompanyName%201')",
		"type": "NorthwindModel.Orders_Qry"
	}
}, {
	"OrderID": 6151,
	"CustomerID": "CustomerID 2",
	"EmployeeID": 6313,
	"OrderDate": "/Date(970662531000)/",
	"RequiredDate": "/Date(1201868931000)/",
	"ShippedDate": "/Date(1449491331000)/",
	"ShipVia": 1621,
	"Freight": 3979.14,
	"ShipName": "ShipName 2",
	"ShipAddress": "ShipAddress 2",
	"ShipCity": "ShipCity 2",
	"ShipRegion": "ShipRegion 2",
	"ShipPostalCode": "ShipPostalCode 2",
	"ShipCountry": "ShipCountry 2",
	"CompanyName": "CompanyName 2",
	"Address": "Address 2",
	"City": "City 2",
	"Region": "Region 2",
	"PostalCode": "PostalCode 2",
	"Country": "Country 2",
	"__metadata": {
		"uri": "Orders_Qries(OrderID=6151,CompanyName='CompanyName%202')",
		"type": "NorthwindModel.Orders_Qry"
	}
}, {
	"OrderID": 8527,
	"CustomerID": "CustomerID 3",
	"EmployeeID": 3650,
	"OrderDate": "/Date(1505654931000)/",
	"RequiredDate": "/Date(1295440131000)/",
	"ShippedDate": "/Date(1288528131000)/",
	"ShipVia": 7813,
	"Freight": 7348.3,
	"ShipName": "ShipName 3",
	"ShipAddress": "ShipAddress 3",
	"ShipCity": "ShipCity 3",
	"ShipRegion": "ShipRegion 3",
	"ShipPostalCode": "ShipPostalCode 3",
	"ShipCountry": "ShipCountry 3",
	"CompanyName": "CompanyName 3",
	"Address": "Address 3",
	"City": "City 3",
	"Region": "Region 3",
	"PostalCode": "PostalCode 3",
	"Country": "Country 3",
	"__metadata": {
		"uri": "Orders_Qries(OrderID=8527,CompanyName='CompanyName%203')",
		"type": "NorthwindModel.Orders_Qry"
	}
}, {
	"OrderID": 8074,
	"CustomerID": "CustomerID 4",
	"EmployeeID": 8535,
	"OrderDate": "/Date(1055165331000)/",
	"RequiredDate": "/Date(1406554131000)/",
	"ShippedDate": "/Date(1344000531000)/",
	"ShipVia": 2043,
	"Freight": 5571.71,
	"ShipName": "ShipName 4",
	"ShipAddress": "ShipAddress 4",
	"ShipCity": "ShipCity 4",
	"ShipRegion": "ShipRegion 4",
	"ShipPostalCode": "ShipPostalCode 4",
	"ShipCountry": "ShipCountry 4",
	"CompanyName": "CompanyName 4",
	"Address": "Address 4",
	"City": "City 4",
	"Region": "Region 4",
	"PostalCode": "PostalCode 4",
	"Country": "Country 4",
	"__metadata": {
		"uri": "Orders_Qries(OrderID=8074,CompanyName='CompanyName%204')",
		"type": "NorthwindModel.Orders_Qry"
	}
}, {
	"OrderID": 3203,
	"CustomerID": "CustomerID 5",
	"EmployeeID": 8029,
	"OrderDate": "/Date(1141388931000)/",
	"RequiredDate": "/Date(950012931000)/",
	"ShippedDate": "/Date(1178458131000)/",
	"ShipVia": 490,
	"Freight": 5044.32,
	"ShipName": "ShipName 5",
	"ShipAddress": "ShipAddress 5",
	"ShipCity": "ShipCity 5",
	"ShipRegion": "ShipRegion 5",
	"ShipPostalCode": "ShipPostalCode 5",
	"ShipCountry": "ShipCountry 5",
	"CompanyName": "CompanyName 5",
	"Address": "Address 5",
	"City": "City 5",
	"Region": "Region 5",
	"PostalCode": "PostalCode 5",
	"Country": "Country 5",
	"__metadata": {
		"uri": "Orders_Qries(OrderID=3203,CompanyName='CompanyName%205')",
		"type": "NorthwindModel.Orders_Qry"
	}
}, {
	"OrderID": 5311,
	"CustomerID": "CustomerID 6",
	"EmployeeID": 7629,
	"OrderDate": "/Date(1427027331000)/",
	"RequiredDate": "/Date(1054819731000)/",
	"ShippedDate": "/Date(1078403331000)/",
	"ShipVia": 5444,
	"Freight": 3112.44,
	"ShipName": "ShipName 6",
	"ShipAddress": "ShipAddress 6",
	"ShipCity": "ShipCity 6",
	"ShipRegion": "ShipRegion 6",
	"ShipPostalCode": "ShipPostalCode 6",
	"ShipCountry": "ShipCountry 6",
	"CompanyName": "CompanyName 6",
	"Address": "Address 6",
	"City": "City 6",
	"Region": "Region 6",
	"PostalCode": "PostalCode 6",
	"Country": "Country 6",
	"__metadata": {
		"uri": "Orders_Qries(OrderID=5311,CompanyName='CompanyName%206')",
		"type": "NorthwindModel.Orders_Qry"
	}
}, {
	"OrderID": 598,
	"CustomerID": "CustomerID 7",
	"EmployeeID": 4669,
	"OrderDate": "/Date(1070022531000)/",
	"RequiredDate": "/Date(1185197331000)/",
	"ShippedDate": "/Date(1353414531000)/",
	"ShipVia": 5866,
	"Freight": 8866.4,
	"ShipName": "ShipName 7",
	"ShipAddress": "ShipAddress 7",
	"ShipCity": "ShipCity 7",
	"ShipRegion": "ShipRegion 7",
	"ShipPostalCode": "ShipPostalCode 7",
	"ShipCountry": "ShipCountry 7",
	"CompanyName": "CompanyName 7",
	"Address": "Address 7",
	"City": "City 7",
	"Region": "Region 7",
	"PostalCode": "PostalCode 7",
	"Country": "Country 7",
	"__metadata": {
		"uri": "Orders_Qries(OrderID=598,CompanyName='CompanyName%207')",
		"type": "NorthwindModel.Orders_Qry"
	}
}, {
	"OrderID": 3597,
	"CustomerID": "CustomerID 8",
	"EmployeeID": 9514,
	"OrderDate": "/Date(1400333331000)/",
	"RequiredDate": "/Date(1446985731000)/",
	"ShippedDate": "/Date(1344086931000)/",
	"ShipVia": 7664,
	"Freight": 2030.17,
	"ShipName": "ShipName 8",
	"ShipAddress": "ShipAddress 8",
	"ShipCity": "ShipCity 8",
	"ShipRegion": "ShipRegion 8",
	"ShipPostalCode": "ShipPostalCode 8",
	"ShipCountry": "ShipCountry 8",
	"CompanyName": "CompanyName 8",
	"Address": "Address 8",
	"City": "City 8",
	"Region": "Region 8",
	"PostalCode": "PostalCode 8",
	"Country": "Country 8",
	"__metadata": {
		"uri": "Orders_Qries(OrderID=3597,CompanyName='CompanyName%208')",
		"type": "NorthwindModel.Orders_Qry"
	}
}, {
	"OrderID": 5891,
	"CustomerID": "CustomerID 9",
	"EmployeeID": 550,
	"OrderDate": "/Date(1414326531000)/",
	"RequiredDate": "/Date(1364732931000)/",
	"ShippedDate": "/Date(1487075331000)/",
	"ShipVia": 9508,
	"Freight": 7571.73,
	"ShipName": "ShipName 9",
	"ShipAddress": "ShipAddress 9",
	"ShipCity": "ShipCity 9",
	"ShipRegion": "ShipRegion 9",
	"ShipPostalCode": "ShipPostalCode 9",
	"ShipCountry": "ShipCountry 9",
	"CompanyName": "CompanyName 9",
	"Address": "Address 9",
	"City": "City 9",
	"Region": "Region 9",
	"PostalCode": "PostalCode 9",
	"Country": "Country 9",
	"__metadata": {
		"uri": "Orders_Qries(OrderID=5891,CompanyName='CompanyName%209')",
		"type": "NorthwindModel.Orders_Qry"
	}
}, {
	"OrderID": 6021,
	"CustomerID": "CustomerID 10",
	"EmployeeID": 5956,
	"OrderDate": "/Date(1532611731000)/",
	"RequiredDate": "/Date(1268915331000)/",
	"ShippedDate": "/Date(1166704131000)/",
	"ShipVia": 2535,
	"Freight": 9353.05,
	"ShipName": "ShipName 10",
	"ShipAddress": "ShipAddress 10",
	"ShipCity": "ShipCity 10",
	"ShipRegion": "ShipRegion 10",
	"ShipPostalCode": "ShipPostalCode 10",
	"ShipCountry": "ShipCountry 10",
	"CompanyName": "CompanyName 10",
	"Address": "Address 10",
	"City": "City 10",
	"Region": "Region 10",
	"PostalCode": "PostalCode 10",
	"Country": "Country 10",
	"__metadata": {
		"uri": "Orders_Qries(OrderID=6021,CompanyName='CompanyName%2010')",
		"type": "NorthwindModel.Orders_Qry"
	}
}]